Metric;Value
Init Time;4.7046166666666664
Load Time;0.9009833333333332
Run Time;2.0848999999999998
Total Time;7.6905
