Metric;Value
Init Time;6.741833333333333
Load Time;6.520566666666666
Run Time;18.342516666666665
Total Time;31.604916666666668
