Metric;Value
Init Time;6.806066666666666
Load Time;0.96765
Run Time;2.435083333333333
Total Time;10.2088
