Metric;Value
Init Time;4.753283333333333
Load Time;0.8676666666666667
Run Time;2.384916666666667
Total Time;8.005866666666666
