Metric;Value
Init Time;4.7643
Load Time;0.8844166666666666
Run Time;2.4351
Total Time;8.083816666666667
