Metric;Value
Init Time;5.9902
Load Time;6.853983333333333
Run Time;2.2016
Total Time;15.045783333333333
