Metric;Value
Init Time;6.00415
Load Time;0.9176333333333333
Run Time;6.820516666666666
Total Time;13.7423
