Metric;Value
Init Time;4.637683333333333
Load Time;0.9009666666666667
Run Time;2.16825
Total Time;7.7069
