Metric;Value
Init Time;6.69015
Load Time;7.003950000000001
Run Time;7.254166666666666
Total Time;20.948266666666665
