Metric;Value
Init Time;4.551066666666667
Load Time;0.8843833333333334
Run Time;2.08485
Total Time;7.520300000000001
